image_path,colors,predictions
autoportrait 004.jpg,"[[0.00094022 0.00236541 0.00754906]
 [0.02682195 0.14997035 0.38831617]
 [0.00713776 0.03167674 0.06392369]
 [0.01356739 0.08616625 0.23330068]
 [0.10973023 0.27414776 0.60583429]]","['spotlight', 'matchstick', 'digital_clock']"
naze 063.jpg,"[[0.18477081 0.19718284 0.21138094]
 [0.02393787 0.05668749 0.11155042]
 [0.41030318 0.40910127 0.41045369]
 [0.30599108 0.31303421 0.32100055]
 [0.08253131 0.24590304 0.36982899]]","['spotlight', 'matchstick', 'digital_clock']"
test low key 012.jpg,"[[0.00100409 0.00138531 0.01520903]
 [0.00419168 0.28888555 0.63447045]
 [0.00294728 0.15840656 0.41609918]
 [0.00239055 0.06123326 0.20722727]
 [0.00529464 0.45513081 0.84363135]]","['spotlight', 'digital_clock', 'matchstick']"
test low key 014.jpg,"[[0.00443171 0.0044318  0.0044318 ]
 [0.18756226 0.18755777 0.18756001]
 [0.12261184 0.12258716 0.1225894 ]
 [0.25529713 0.25513906 0.25515035]
 [0.06184407 0.06184162 0.06184162]]","['spotlight', 'matchstick', 'digital_clock']"
test low key 017.jpg,"[[0.00058124 0.0009025  0.01099223]
 [0.02510855 0.17026757 0.28729012]
 [0.20814277 0.38170922 0.54963204]
 [0.00310135 0.06492238 0.13429084]
 [0.11347503 0.27348409 0.41782596]]","['spotlight', 'matchstick', 'digital_clock']"
macro+012 (1).jpg,"[[0.00583233 0.00688037 0.30448214]
 [0.11183218 0.01094233 0.67789161]
 [0.70688523 0.72246807 0.73836346]
 [0.03547433 0.00747055 0.53985438]
 [0.18826117 0.26484532 0.67211632]]","['spotlight', 'matchstick', 'digital_clock']"
macro+019.jpg,"[[0.0372891  0.51704016 0.65410356]
 [0.12613976 0.10540132 0.17154093]
 [0.42263893 0.76500215 0.81366296]
 [0.06254218 0.03612846 0.49534158]
 [0.33317359 0.34505266 0.36363093]]","['spotlight', 'digital_clock', 'matchstick']"
ok+009.jpg,"[[0.21074178 0.33850816 0.29968714]
 [0.86774578 0.87282674 0.87925724]
 [0.47469911 0.50832242 0.51612636]
 [0.70130076 0.72272153 0.73848323]
 [0.06887584 0.19525291 0.12996094]]","['spotlight', 'digital_clock', 'matchstick']"
ok+020.jpg,"[[0.30156657 0.48425629 0.58690513]
 [0.46717633 0.62314903 0.72747929]
 [0.0098729  0.24433928 0.26502219]
 [0.03224183 0.50037595 0.6290347 ]
 [0.0405562  0.35466288 0.44093838]]","['spotlight', 'matchstick', 'digital_clock']"
weekend_coloc+009.jpg,"[[0.28034664 0.31619682 0.30932434]
 [0.64539623 0.61701839 0.59773793]
 [0.46478025 0.45357176 0.44845287]
 [0.11792105 0.21134305 0.17982004]
 [0.83877896 0.80274207 0.77121898]]","['spotlight', 'digital_clock', 'matchstick']"
weekend_coloc+368.jpg,"[[0.44975472 0.45750081 0.43247789]
 [0.20694841 0.00558468 0.5593709 ]
 [0.66407506 0.22516289 0.85847331]
 [0.79689504 0.78153019 0.7736535 ]
 [0.41128758 0.01681917 0.73895837]]","['spotlight', 'matchstick', 'digital_clock']"
weekend_coloc+396.jpg,"[[0.82360868 0.80088844 0.78062077]
 [0.60353923 0.56853135 0.53470288]
 [0.37488094 0.39299118 0.38204475]
 [0.72184309 0.68952591 0.66131849]
 [0.17335274 0.21283128 0.21684889]]","['spotlight', 'digital_clock', 'matchstick']"
candle.png,"[[0.24846372 0.22356529 0.39624924]
 [0.39715159 0.52333854 0.75537937]
 [0.06725486 0.03623812 0.06922584]
 [0.59681561 0.37072698 0.08763185]
 [0.30275886 0.12012895 0.1390648 ]]","['spotlight', 'matchstick', 'digital_clock']"
Paris 159.jpg,"[[0.42545381 0.3167908  0.16254442]
 [0.05224196 0.03608893 0.01947648]
 [0.74413642 0.7577257  0.73851251]
 [0.24670658 0.15635258 0.03475514]
 [0.58983729 0.48972702 0.34850599]]","['spotlight', 'matchstick', 'digital_clock']"
Paris_25-06 261.jpg,"[[0.07349777 0.04960734 0.02237372]
 [0.39647401 0.31187368 0.20590274]
 [0.70156713 0.52554392 0.32183987]
 [0.25968453 0.18135141 0.07521179]
 [0.65937545 0.64702332 0.63371903]]","['spotlight', 'digital_clock', 'matchstick']"
reflet 032.jpg,"[[0.48177467 0.08640519 0.01930509]
 [0.42800285 0.56968874 0.75080166]
 [0.05814354 0.03929292 0.10665083]
 [0.36093447 0.42806392 0.56657808]
 [0.82177688 0.18188815 0.00224631]]","['spotlight', 'matchstick', 'digital_clock']"
reflet 059.jpg,"[[0.09539671 0.18306833 0.24849008]
 [0.50857115 0.52419661 0.5636128 ]
 [0.25662004 0.32090841 0.37941345]
 [0.02770941 0.05312542 0.0828974 ]
 [0.79466596 0.88173005 0.92098083]]","['spotlight', 'digital_clock', 'matchstick']"
reflet 062.jpg,"[[0.21128486 0.37773587 0.53537792]
 [0.17203547 0.19578194 0.19432016]
 [0.26106738 0.31475026 0.34924438]
 [0.27197021 0.48565839 0.66913064]
 [0.33541395 0.42975378 0.49644437]]","['spotlight', 'matchstick', 'digital_clock']"
reflet 067.jpg,"[[0.70498225 0.81909899 0.9496732 ]
 [0.06262004 0.13919289 0.2148126 ]
 [0.01114267 0.04200436 0.08000016]
 [0.16409507 0.25239051 0.35747102]
 [0.37280439 0.47806405 0.6136048 ]]","['spotlight', 'digital_clock', 'matchstick']"
Nantes 023.jpg,"[[0.86997715 0.82487882 0.86733199]
 [0.54336932 0.42219043 0.37057507]
 [0.11014263 0.07548758 0.05328362]
 [0.61284593 0.71560223 0.84914252]
 [0.7882515  0.62897906 0.59567576]]","['spotlight', 'digital_clock', 'matchstick']"
Nantes 025.jpg,"[[0.86779458 0.84358441 0.81639751]
 [0.24002754 0.25756845 0.24613372]
 [0.61965335 0.60920955 0.60551827]
 [0.41346377 0.41837259 0.40558317]
 [0.07394159 0.11394252 0.09528027]]","['spotlight', 'digital_clock', 'matchstick']"
Nantes 034.jpg,"[[0.08942239 0.11307371 0.11538108]
 [0.9218854  0.92218881 0.91957086]
 [0.66845245 0.68239883 0.64703695]
 [0.47008226 0.47845076 0.4560686 ]
 [0.26411277 0.27452923 0.27794946]]","['spotlight', 'digital_clock', 'matchstick']"
Nantes 039.jpg,"[[0.89810444 0.89593112 0.89373681]
 [0.16120489 0.23824326 0.33215401]
 [0.5529724  0.53808152 0.52472056]
 [0.02652604 0.04621419 0.06582276]
 [0.77303139 0.73885009 0.71338484]]","['spotlight', 'digital_clock', 'matchstick']"
Nantes 061.jpg,"[[0.64609812 0.44577553 0.13149588]
 [0.05638996 0.0566     0.06249517]
 [0.86717668 0.81962163 0.82656782]
 [0.28619721 0.26913012 0.26903377]
 [0.76004546 0.59905175 0.3877194 ]]","['spotlight', 'digital_clock', 'theater_curtain']"
Nantes 093.jpg,"[[0.11744229 0.09770961 0.08635715]
 [0.50446848 0.47080106 0.44913014]
 [0.7540959  0.75556033 0.76926183]
 [0.16395833 0.41527696 0.56963725]
 [0.29861234 0.24752908 0.20080054]]","['spotlight', 'digital_clock', 'matchstick']"
Nantes 099.jpg,"[[0.35684943 0.3478962  0.27422137]
 [0.12885266 0.12474003 0.09446238]
 [0.58730846 0.630189   0.66306694]
 [0.4598888  0.45734695 0.38438868]
 [0.23227279 0.23524486 0.20081131]]","['spotlight', 'matchstick', 'digital_clock']"
Nantes 112.jpg,"[[0.6346429  0.64329563 0.58722251]
 [0.33658017 0.33125671 0.25281308]
 [0.11747321 0.12208758 0.09913271]
 [0.50377972 0.49877462 0.39479174]
 [0.77764242 0.81453185 0.85099489]]","['spotlight', 'digital_clock', 'matchstick']"
Nantes 136.jpg,"[[0.52204284 0.51933953 0.47832552]
 [0.0856463  0.08019286 0.05387496]
 [0.37252043 0.3576033  0.30058371]
 [0.72564721 0.73752655 0.72773467]
 [0.22015991 0.20148639 0.14770874]]","['spotlight', 'matchstick', 'digital_clock']"
Nantes 149.jpg,"[[0.20992857 0.20777683 0.20348967]
 [0.87914425 0.81861171 0.75862738]
 [0.35092669 0.35211019 0.34846884]
 [0.09524253 0.08609641 0.07008014]
 [0.4717182  0.46816406 0.46123128]]","['spotlight', 'digital_clock', 'matchstick']"
long_exposure 017.jpg,"[[0.04045082 0.04608478 0.04289613]
 [0.43920064 0.41288405 0.39733846]
 [0.80891131 0.8041954  0.80850509]
 [0.25234216 0.24178757 0.23633075]
 [0.6242527  0.59793545 0.58967108]]","['spotlight', 'matchstick', 'digital_clock']"
long_exposure 074.jpg,"[[0.02472965 0.03065898 0.0306712 ]
 [0.68866095 0.20688994 0.0413811 ]
 [0.45944742 0.71579161 0.7820491 ]
 [0.07660675 0.16687151 0.49386308]
 [0.10840779 0.57125838 0.02255833]]","['spotlight', 'digital_clock', 'matchstick']"
long_exposure 075.jpg,"[[0.04944535 0.03085743 0.02382904]
 [0.44810801 0.39016419 0.36790936]
 [0.2860266  0.23062123 0.19496282]
 [0.82162863 0.72573021 0.69490351]
 [0.15174308 0.10972989 0.08721627]]","['spotlight', 'digital_clock', 'matchstick']"
long_exposure 082.jpg,"[[0.02873969 0.02512748 0.02259929]
 [0.66901159 0.71771387 0.7293984 ]
 [0.29801842 0.50409831 0.62569605]
 [0.2026173  0.29309349 0.33331364]
 [0.08047872 0.12146613 0.1449964 ]]","['spotlight', 'digital_clock', 'matchstick']"
long_exposure 086.jpg,"[[0.21478069 0.20531127 0.21546407]
 [0.0383822  0.03390271 0.03562337]
 [0.62675266 0.58612204 0.59037295]
 [0.14050965 0.10557309 0.09915157]
 [0.35588167 0.33355423 0.34420969]]","['spotlight', 'digital_clock', 'matchstick']"
long_exposure 091.jpg,"[[0.17913203 0.14222161 0.14461863]
 [0.52693308 0.34436856 0.31718801]
 [0.38051311 0.24833548 0.2209732 ]
 [0.64783956 0.43854469 0.39319848]
 [0.49158619 0.67649985 0.83381621]]","['spotlight', 'matchstick', 'digital_clock']"
long_exposure 101.jpg,"[[0.1403336  0.32564684 0.55467539]
 [0.03984016 0.04045285 0.03493717]
 [0.53052387 0.40257904 0.08358756]
 [0.21544149 0.15972687 0.07146859]
 [0.06483892 0.13952563 0.24047213]]","['spotlight', 'digital_clock', 'matchstick']"
minimalisme 010.jpg,"[[0.15229809 0.17868143 0.19015348]
 [0.34780864 0.34206071 0.34188418]
 [0.06073915 0.02121988 0.0102499 ]
 [0.57280413 0.54605902 0.52138725]
 [0.45010431 0.44139457 0.43812701]]","['spotlight', 'digital_clock', 'matchstick']"
minimalisme 035.jpg,"[[0.58691334 0.39116159 0.07587215]
 [0.10812523 0.09520307 0.07752447]
 [0.63732378 0.57751342 0.49680711]
 [0.46198054 0.42240451 0.37860995]
 [0.29232048 0.26500778 0.23145527]]","['spotlight', 'matchstick', 'digital_clock']"
minimalisme 052.jpg,"[[0.29910345 0.18654027 0.10993892]
 [0.58088228 0.41626331 0.31275877]
 [0.02077322 0.00807576 0.00272149]
 [0.50664489 0.35220382 0.24983199]
 [0.39902365 0.27127347 0.195024  ]]","['spotlight', 'digital_clock', 'matchstick']"
minimalisme 053.jpg,"[[0.61647685 0.52005179 0.39957806]
 [0.03187504 0.04834562 0.01741756]
 [0.48791597 0.38065349 0.25379067]
 [0.66693988 0.66580483 0.65128803]
 [0.23164777 0.22877249 0.18853163]]","['spotlight', 'digital_clock', 'matchstick']"
minimalisme 055.jpg,"[[0.41299291 0.37375988 0.32831361]
 [0.69748998 0.67839105 0.66806918]
 [0.23243851 0.22336869 0.22413055]
 [0.01481307 0.03427547 0.01548947]
 [0.57569111 0.54119797 0.4971361 ]]","['spotlight', 'digital_clock', 'matchstick']"
minimalisme 056.jpg,"[[0.30321412 0.2679293  0.2180026 ]
 [0.87766707 0.81756175 0.74414985]
 [0.84713783 0.70830529 0.52978959]
 [0.12301436 0.10133285 0.06363317]
 [0.9213446  0.91050513 0.89668674]]","['spotlight', 'matchstick', 'digital_clock']"
minimalisme 057.jpg,"[[0.68678721 0.52685409 0.37007646]
 [0.09741929 0.07460144 0.05965488]
 [0.40877331 0.3096216  0.2319634 ]
 [0.60445214 0.45339642 0.31290172]
 [0.22131201 0.16404814 0.13542816]]","['spotlight', 'digital_clock', 'matchstick']"
minimalisme 059.jpg,"[[0.15368246 0.12082202 0.07356403]
 [0.86635879 0.67305714 0.33528462]
 [0.71979575 0.58909649 0.40105398]
 [0.89285822 0.75159467 0.50845265]
 [0.32820116 0.28024404 0.21697419]]","['spotlight', 'matchstick', 'digital_clock']"
minimalisme 063.jpg,"[[0.25925801 0.25505069 0.2557794 ]
 [0.47613747 0.43526728 0.391194  ]
 [0.05350235 0.04351417 0.03540512]
 [0.17390755 0.17012582 0.16966989]
 [0.86188276 0.79408685 0.70820244]]","['spotlight', 'digital_clock', 'matchstick']"
minimalisme 066.jpg,"[[0.86509609 0.73839118 0.5610185 ]
 [0.33060802 0.30351563 0.27926694]
 [0.12854649 0.11423848 0.09518998]
 [0.83357737 0.66306256 0.4226738 ]
 [0.44030677 0.43995631 0.44927553]]","['spotlight', 'matchstick', 'digital_clock']"
minimalisme 070.jpg,"[[0.60345492 0.4582567  0.29686232]
 [0.22512983 0.12766443 0.0233271 ]
 [0.73949709 0.64732834 0.54767637]
 [0.85744589 0.84297252 0.81768711]
 [0.43068624 0.26198744 0.02417546]]","['spotlight', 'matchstick', 'digital_clock']"
minimalisme 072.jpg,"[[0.4344756  0.35951465 0.25170104]
 [0.7347716  0.71228181 0.69017444]
 [0.11357555 0.12010309 0.0750829 ]
 [0.31477302 0.25707993 0.16540332]
 [0.57305229 0.55490196 0.52547451]]","['spotlight', 'matchstick', 'digital_clock']"
minimalisme 077.jpg,"[[0.48162004 0.41214957 0.35151436]
 [0.0731987  0.06443392 0.02935553]
 [0.64438805 0.51195678 0.35204737]
 [0.43086133 0.29765846 0.15406673]
 [0.56206948 0.40663684 0.22633814]]","['spotlight', 'digital_clock', 'matchstick']"
minimalisme 081.jpg,"[[0.45519539 0.52610952 0.62759409]
 [0.4086131  0.35199324 0.16943568]
 [0.51205308 0.46472928 0.23521394]
 [0.29513894 0.24272219 0.10662976]
 [0.37513487 0.3421917  0.27667324]]","['spotlight', 'matchstick', 'digital_clock']"
Blottereau - Clisson 006.jpg,"[[0.18969201 0.24349936 0.1506949 ]
 [0.41413538 0.62914005 0.5142153 ]
 [0.29431685 0.41148879 0.28392924]
 [0.67764152 0.78608397 0.75154161]
 [0.12012809 0.11924461 0.08306064]]","['spotlight', 'theater_curtain', 'digital_clock']"
Blottereau - Clisson 011.jpg,"[[0.0264905  0.09847314 0.05959094]
 [0.77680599 0.58967965 0.33599537]
 [0.30509103 0.4845656  0.44605324]
 [0.12611834 0.30698632 0.25296291]
 [0.797194   0.71525096 0.61329518]]","['spotlight', 'digital_clock', 'matchstick']"
Blottereau - Clisson 019.jpg,"[[0.0607097  0.35344022 0.33241087]
 [0.00847522 0.10228097 0.11001502]
 [0.46735817 0.67105919 0.70769496]
 [0.01265271 0.23340209 0.19573126]
 [0.21750569 0.47878706 0.4948659 ]]","['spotlight', 'digital_clock', 'matchstick']"
Blottereau - Clisson 031.jpg,"[[0.0093338  0.09017989 0.0614881 ]
 [0.66049722 0.7171968  0.71896486]
 [0.0624673  0.30908236 0.25020746]
 [0.65696964 0.45336876 0.24419247]
 [0.25719378 0.50152013 0.46856357]]","['spotlight', 'digital_clock', 'matchstick']"
Blottereau - Clisson 033.jpg,"[[0.2962094  0.42476134 0.36916479]
 [0.92560511 0.8155597  0.6767304 ]
 [0.02688419 0.09059259 0.03798763]
 [0.50759985 0.60028604 0.53813579]
 [0.12647977 0.25245161 0.17476411]]","['spotlight', 'digital_clock', 'theater_curtain']"
Blottereau - Clisson 061.jpg,"[[0.00956016 0.10324529 0.10279276]
 [0.21323832 0.43318272 0.45129313]
 [0.87197898 0.88416529 0.87769788]
 [0.42990508 0.65103188 0.67489764]
 [0.06491605 0.2726175  0.26265055]]","['spotlight', 'digital_clock', 'theater_curtain']"
Blottereau - Clisson 070.jpg,"[[0.67974525 0.67041526 0.63819354]
 [0.08983157 0.10920106 0.08974375]
 [0.38262413 0.3886497  0.36210638]
 [0.18810125 0.22417409 0.21623619]
 [0.55743709 0.54861333 0.51034866]]","['spotlight', 'matchstick', 'digital_clock']"
architecture 016.jpg,"[[0.31166119 0.24124673 0.01268461]
 [0.76020437 0.62277304 0.47023232]
 [0.1139439  0.09025381 0.03862098]
 [0.64666702 0.48340784 0.30464744]
 [0.92155907 0.89550047 0.87370495]]","['spotlight', 'matchstick', 'digital_clock']"
architecture 029.jpg,"[[0.07257852 0.18098544 0.51986418]
 [0.72679441 0.6406258  0.57108421]
 [0.05714609 0.10122539 0.12587363]
 [0.32764386 0.26524355 0.18422678]
 [0.48436284 0.46968151 0.44917934]]","['spotlight', 'digital_clock', 'matchstick']"
architecture 036.jpg,"[[0.18475947 0.32542157 0.44821234]
 [0.06946337 0.68949655 0.96881096]
 [0.04384128 0.09760649 0.14680563]
 [0.38375424 0.2328038  0.02518896]
 [0.65540327 0.6634809  0.65376188]]","['spotlight', 'matchstick', 'digital_clock']"
architecture 042.jpg,"[[0.06804596 0.09159655 0.11206843]
 [0.56917387 0.5667773  0.56959737]
 [0.16594041 0.20568407 0.24805277]
 [0.40292371 0.44151063 0.48308519]
 [0.69095492 0.67202304 0.65563736]]","['spotlight', 'digital_clock', 'matchstick']"
architecture 052.jpg,"[[0.78596795 0.63727196 0.37677228]
 [0.18349309 0.14491877 0.08312064]
 [0.48430145 0.49894049 0.53109335]
 [0.3509521  0.31408996 0.2660223 ]
 [0.79564319 0.6998835  0.55565082]]","['spotlight', 'digital_clock', 'matchstick']"
architecture 065.jpg,"[[0.58102146 0.48818265 0.37616691]
 [0.45270114 0.50310759 0.54306929]
 [0.27458932 0.27214438 0.29452279]
 [0.72526024 0.72134767 0.71334986]
 [0.09446444 0.10415838 0.10229705]]","['spotlight', 'digital_clock', 'matchstick']"
architecture 067.jpg,"[[0.60965502 0.59014876 0.55354792]
 [0.13718557 0.26046364 0.20883461]
 [0.46285776 0.40514575 0.32230341]
 [0.80437273 0.80596695 0.79798763]
 [0.02306268 0.08812761 0.05007136]]","['spotlight', 'digital_clock', 'matchstick']"
architecture 086.jpg,"[[0.39623289 0.42341786 0.40257338]
 [0.77426348 0.56124774 0.27999543]
 [0.24775167 0.22696846 0.1889621 ]
 [0.85448419 0.87563247 0.88728724]
 [0.07020471 0.07871491 0.05960486]]","['spotlight', 'digital_clock', 'matchstick']"
20240623222739_1.jpg,"[[0.72094637 0.81562765 0.84549905]
 [0.5115088  0.37667188 0.32392751]
 [0.29114028 0.54999423 0.67876709]
 [0.73725659 0.60944275 0.53384689]
 [0.17994484 0.14379001 0.15650495]]","['spotlight', 'matchstick', 'digital_clock']"
20240623225902_1.jpg,"[[0.10096718 0.09289386 0.11620344]
 [0.39348607 0.48048356 0.80758249]
 [0.31236655 0.29482727 0.3397267 ]
 [0.17100569 0.19493585 0.71278684]
 [0.11295343 0.11378899 0.40732732]]","['spotlight', 'digital_clock', 'matchstick']"
20240623230755_1.jpg,"[[0.38505843 0.3977089  0.34747623]
 [0.14418631 0.13226193 0.07515559]
 [0.09680672 0.47925552 0.81343791]
 [0.30184768 0.28971779 0.18587888]
 [0.04508051 0.18195969 0.49590864]]","['spotlight', 'matchstick', 'digital_clock']"
20240623231254_1.jpg,"[[0.19223188 0.14520149 0.0104771 ]
 [0.52582727 0.65770872 0.75364492]
 [0.3631195  0.36223868 0.26265229]
 [0.36712782 0.4719253  0.54685224]
 [0.29751223 0.26781049 0.09860369]]","['spotlight', 'matchstick', 'digital_clock']"
20240623232021_1.jpg,"[[0.06242787 0.06098081 0.05935906]
 [0.58354668 0.89986752 0.98939464]
 [0.0651478  0.12553311 0.28963559]
 [0.10529043 0.27847575 0.57950666]
 [0.26224694 0.57479396 0.82368935]]","['spotlight', 'matchstick', 'digital_clock']"
20240623233629_1.jpg,"[[0.1293354  0.06613047 0.03700569]
 [0.46724098 0.2869636  0.16847696]
 [0.80112329 0.73530903 0.67811079]
 [0.27704575 0.15587755 0.08557583]
 [0.66947719 0.47675237 0.31304132]]","['spotlight', 'digital_clock', 'matchstick']"
20240623234435_1.jpg,"[[0.09409259 0.07823695 0.04520985]
 [0.60974838 0.59341693 0.43403125]
 [0.24398293 0.21799105 0.14263752]
 [0.85409227 0.87145469 0.77456907]
 [0.41647193 0.38362577 0.26590702]]","['spotlight', 'digital_clock', 'matchstick']"
20240623234942_1.jpg,"[[0.28422166 0.1337     0.01668664]
 [0.63508389 0.37957483 0.08362442]
 [0.14652942 0.06672715 0.02310866]
 [0.43836561 0.22216036 0.03220193]
 [0.85462887 0.69064395 0.45898738]]","['spotlight', 'matchstick', 'digital_clock']"
20240624002719_1.jpg,"[[0.25158621 0.13594843 0.12210224]
 [0.60796434 0.38980447 0.38707654]
 [0.10246233 0.05897097 0.05428292]
 [0.77897818 0.64205836 0.70636472]
 [0.43080337 0.24653819 0.22670935]]","['spotlight', 'matchstick', 'digital_clock']"
shadows+008-2.jpg,"[[0.07460946 0.0990984  0.15406461]
 [0.19414042 0.24208855 0.34647818]
 [0.12917848 0.1646867  0.24288447]
 [0.02458891 0.03660515 0.06182638]
 [0.55585073 0.60468058 0.72146743]]","['spotlight', 'matchstick', 'digital_clock']"
shadows+021.jpg,"[[0.1050104  0.11643893 0.14803342]
 [0.1889872  0.2431881  0.35636258]
 [0.24066862 0.34374926 0.52734564]
 [0.4353387  0.39620295 0.37066126]
 [0.13733566 0.1714385  0.25590917]]","['spotlight', 'matchstick', 'digital_clock']"
shadows+043.jpg,"[[0.14431412 0.1384988  0.14229786]
 [0.36618553 0.35136689 0.34866989]
 [0.26066533 0.24530929 0.24758091]
 [0.48059475 0.46775861 0.46552872]
 [0.72831169 0.74856634 0.78626942]]","['spotlight', 'matchstick', 'digital_clock']"
soiree_28_01_2023+117.jpg,"[[0.116477   0.11061822 0.11233399]
 [0.48609126 0.61810519 0.8043797 ]
 [0.24654845 0.30652293 0.43472645]
 [0.14857998 0.17053493 0.22182934]
 [0.8420915  0.87263952 0.92241327]]","['spotlight', 'matchstick', 'digital_clock']"
testing_shadows+025.jpg,"[[0.5517243  0.55518269 0.55874622]
 [0.13186158 0.0887353  0.05230193]
 [0.53657774 0.71906386 0.88006536]
 [0.47106762 0.48144137 0.49359265]
 [0.30900868 0.21737704 0.10906972]]","['spotlight', 'matchstick', 'digital_clock']"
testing_shadows+045.jpg,"[[0.52847545 0.58553906 0.63724162]
 [0.15647341 0.17105791 0.20542103]
 [0.75073073 0.79998482 0.83623262]
 [0.29030418 0.30536067 0.33371716]
 [0.03212116 0.03950808 0.05360123]]","['spotlight', 'matchstick', 'digital_clock']"
testing_shadows+071.jpg,"[[0.60998477 0.77432261 0.91369905]
 [0.32338462 0.28500569 0.23460773]
 [0.67302755 0.69138381 0.7101683 ]
 [0.09300635 0.07804531 0.05943232]
 [0.51956346 0.54360522 0.56751195]]","['spotlight', 'digital_clock', 'theater_curtain']"
Nantes_16_06+070.jpg,"[[0.15122881 0.13158137 0.08849328]
 [0.7429922  0.6657074  0.57880894]
 [0.49037364 0.47703122 0.4610116 ]
 [0.3045048  0.27498376 0.2282374 ]
 [0.80410975 0.78247239 0.77322234]]","['spotlight', 'digital_clock', 'matchstick']"
Nantes_16_06+146.jpg,"[[0.2883574  0.2883574  0.2883574 ]
 [0.43149731 0.43149731 0.43149731]
 [0.07247083 0.07247083 0.07247083]
 [0.59149295 0.59149295 0.59149295]
 [0.18129965 0.18129965 0.18129965]]","['spotlight', 'matchstick', 'digital_clock']"
Nantes_16_06+162.jpg,"[[0.06113338 0.0990594  0.14661769]
 [0.60390803 0.51316457 0.40594106]
 [0.13904796 0.5895281  0.83723234]
 [0.47659607 0.34154625 0.18518264]
 [0.17999228 0.2446451  0.31257518]]","['spotlight', 'matchstick', 'digital_clock']"
Nantes_16_06+184.jpg,"[[0.73814484 0.66196243 0.57017758]
 [0.04758618 0.0752438  0.04402384]
 [0.65160148 0.54374688 0.4211169 ]
 [0.23127346 0.24732394 0.2405091 ]
 [0.78646978 0.75127622 0.71458571]]","['spotlight', 'digital_clock', 'matchstick']"
Nantes_16_06+194.jpg,"[[0.0356766  0.1061841  0.09242315]
 [0.95526213 0.9003813  0.83906697]
 [0.45761927 0.41227376 0.34720439]
 [0.18938779 0.23141999 0.2077957 ]
 [0.64869606 0.59942334 0.53467841]]","['spotlight', 'theater_curtain', 'digital_clock']"
Nantes_16_06+274.jpg,"[[0.05688208 0.07918524 0.10509766]
 [0.36348741 0.36387203 0.36531358]
 [0.10381223 0.36942197 0.66503389]
 [0.5921417  0.59396932 0.59448252]
 [0.1107519  0.16564176 0.21898907]]","['spotlight', 'digital_clock', 'matchstick']"
urbain+041.jpg,"[[0.60260484 0.65458796 0.72304096]
 [0.22428883 0.27016803 0.30434028]
 [0.41501862 0.45373266 0.49072812]
 [0.09221824 0.12456768 0.10448135]
 [0.24084655 0.35768611 0.58358222]]","['spotlight', 'digital_clock', 'theater_curtain']"
golden_cube-2.jpg,"[[0.42406988 0.33742318 0.25153446]
 [0.39693063 0.59967428 0.73237713]
 [0.83526231 0.63862931 0.46296163]
 [0.14693928 0.29674406 0.43005559]
 [0.06630822 0.11726871 0.19440968]]","['spotlight', 'digital_clock', 'theater_curtain']"
leaf2.jpg,"[[0.16779588 0.30469355 0.20331679]
 [0.51431085 0.67020554 0.58713351]
 [0.94035699 0.86183161 0.74196277]
 [0.31599381 0.53333616 0.43333293]
 [0.19211624 0.43336666 0.33205349]]","['spotlight', 'theater_curtain', 'digital_clock']"
Paris_25-06+105.jpg,"[[0.11737007 0.31827939 0.4276897 ]
 [0.5218143  0.74437491 0.85693228]
 [0.65303413 0.45515868 0.14131811]
 [0.07192037 0.07251521 0.05827953]
 [0.1340495  0.1430125  0.12115983]]","['spotlight', 'digital_clock', 'theater_curtain']"
Paris_25-06+275.jpg,"[[0.31155304 0.31270242 0.28402302]
 [0.12557801 0.141217   0.12048826]
 [0.74498999 0.60153626 0.42097569]
 [0.46111572 0.31285169 0.13983093]
 [0.6043674  0.44447324 0.26185253]]","['spotlight', 'matchstick', 'digital_clock']"
things+028.jpg,"[[0.05724955 0.13442661 0.1462093 ]
 [0.64171918 0.45478771 0.64184617]
 [0.78005579 0.58712444 0.77601868]
 [0.27894049 0.24099706 0.32942764]
 [0.47607086 0.34305396 0.48917504]]","['spotlight', 'digital_clock', 'matchstick']"
things+032.jpg,"[[0.22511723 0.33928516 0.48430591]
 [0.70896563 0.78817551 0.87375863]
 [0.06862701 0.12116295 0.18126362]
 [0.52447279 0.63476985 0.75837692]
 [0.36468378 0.49531412 0.65160101]]","['spotlight', 'digital_clock', 'matchstick']"
water.jpg,"[[0.80028757 0.91647093 0.55864997]
 [0.54591561 0.60170435 0.02384431]
 [0.67257568 0.72094078 0.10036973]
 [0.43882308 0.48659313 0.0094683 ]
 [0.70655437 0.79855276 0.32540774]]","['spotlight', 'matchstick', 'digital_clock']"
weekend_BFS+052.jpg,"[[0.21189079 0.40578208 0.65309605]
 [0.10814114 0.19958698 0.27284377]
 [0.67725446 0.56988559 0.38156542]
 [0.04721222 0.07319467 0.09885445]
 [0.55000919 0.43634413 0.25883713]]","['spotlight', 'matchstick', 'digital_clock']"
weekend_BFS+062.jpg,"[[0.16833142 0.244985   0.38852807]
 [0.06300877 0.06432    0.07074434]
 [0.38923036 0.49577516 0.65696197]
 [0.1298652  0.15181679 0.18990809]
 [0.26183219 0.3470741  0.51654826]]","['spotlight', 'matchstick', 'digital_clock']"
weekend_BFS+115.jpg,"[[0.12328793 0.17363996 0.22774858]
 [0.01689655 0.02810749 0.03856925]
 [0.40439852 0.52102544 0.72351616]
 [0.05588713 0.09202057 0.13466447]
 [0.20092028 0.25838411 0.37375475]]","['spotlight', 'digital_clock', 'matchstick']"
weekend_BFS+137.jpg,"[[0.36947109 0.43060856 0.50986553]
 [0.08683226 0.13816466 0.23833252]
 [0.6444564  0.71531406 0.79290566]
 [0.01984087 0.03557277 0.06158597]
 [0.24354067 0.29590178 0.36910563]]","['spotlight', 'digital_clock', 'matchstick']"
weekend_BFS+166.jpg,"[[0.03011724 0.03998555 0.0440207 ]
 [0.21318092 0.2540776  0.31675846]
 [0.60223005 0.66427594 0.75614577]
 [0.13595213 0.15160586 0.15578089]
 [0.39589557 0.45118302 0.56476025]]","['spotlight', 'digital_clock', 'matchstick']"
weekend_BFS+215.jpg,"[[0.18096251 0.23574092 0.36357081]
 [0.01544759 0.03472016 0.06596932]
 [0.32580302 0.38987285 0.52162801]
 [0.08020113 0.13304656 0.23119339]
 [0.5522853  0.66056159 0.84336681]]","['spotlight', 'matchstick', 'digital_clock']"
weekend_BFS+247.jpg,"[[0.16805641 0.21851444 0.28126495]
 [0.01605752 0.02472576 0.03320546]
 [0.30890463 0.36385059 0.43499097]
 [0.07222043 0.10348616 0.13331417]
 [0.48780379 0.54707447 0.62475462]]","['spotlight', 'digital_clock', 'matchstick']"
356229837_293094976465399_6294772000111133157_n.jpg,"[[0.39817827 0.36880406 0.0303677 ]
 [0.02389798 0.02037585 0.00399199]
 [0.63694953 0.6774395  0.68155853]
 [0.64746729 0.60812894 0.16319214]
 [0.2102147  0.18832751 0.01591651]]","['spotlight', 'digital_clock', 'theater_curtain']"
silhouette+015.jpg,"[[0.3350632  0.31405398 0.27186923]
 [0.01325592 0.01244079 0.00995748]
 [0.38219367 0.39034524 0.38385853]
 [0.17253329 0.14894239 0.10705275]
 [0.26824345 0.23982435 0.18919172]]","['spotlight', 'matchstick', 'digital_clock']"
silhouette+024.jpg,"[[0.26956805 0.22382675 0.15445937]
 [0.02026078 0.01664338 0.00872603]
 [0.21363107 0.15291588 0.06520474]
 [0.2787658  0.32020764 0.34469527]
 [0.11589612 0.07418924 0.01819834]]","['spotlight', 'matchstick', 'digital_clock']"
silhouette+051.jpg,"[[0.02256204 0.01683617 0.01669601]
 [0.25930404 0.2044831  0.11875181]
 [0.03548692 0.27832224 0.69225508]
 [0.13347148 0.09081882 0.03340759]
 [0.01344674 0.06991669 0.26431943]]","['spotlight', 'matchstick', 'digital_clock']"
silhouette+058.jpg,"[[0.03591976 0.13768106 0.66335895]
 [0.05821192 0.05056446 0.05812666]
 [0.03523654 0.07450569 0.43006056]
 [0.0689254  0.27389121 0.8676882 ]
 [0.0412214  0.0552427  0.20179603]]","['spotlight', 'digital_clock', 'matchstick']"
silhouette+067.jpg,"[[0.0083217  0.00862425 0.01174669]
 [0.01377088 0.12888122 0.34787481]
 [0.01430888 0.05237165 0.1648888 ]
 [0.03023181 0.17910075 0.45410344]
 [0.14919724 0.33729589 0.66044955]]","['spotlight', 'matchstick', 'digital_clock']"
sky+016.jpg,"[[0.03789015 0.01889295 0.0065025 ]
 [0.26848396 0.16767108 0.15946218]
 [0.18102015 0.11180062 0.07497058]
 [0.38728856 0.24241458 0.27670517]
 [0.10954141 0.06422922 0.026891  ]]","['spotlight', 'matchstick', 'digital_clock']"
Voyage_nantes+075.jpg,"[[0.21950967 0.35515668 0.63403756]
 [0.15056019 0.15155655 0.12801719]
 [0.39108592 0.36893337 0.33249771]
 [0.57121276 0.57215191 0.59446531]
 [0.73195067 0.72359454 0.72398532]]","['spotlight', 'digital_clock', 'matchstick']"
Voyage_nantes+076.jpg,"[[0.30775911 0.30028155 0.2952711 ]
 [0.94918026 0.89782051 0.84900884]
 [0.68672151 0.68410344 0.68343571]
 [0.08985296 0.08409654 0.07432243]
 [0.4727242  0.46067858 0.45867713]]","['spotlight', 'digital_clock', 'matchstick']"
Voyage_nantes+079.jpg,"[[0.64981032 0.6554152  0.73641798]
 [0.46045513 0.47838887 0.55756114]
 [0.0972414  0.08342196 0.30252752]
 [0.90779046 0.90248996 0.91054561]
 [0.2962812  0.31800858 0.39995598]]","['spotlight', 'digital_clock', 'matchstick']"
Voyage_nantes+089.jpg,"[[0.50762576 0.50267589 0.49555937]
 [0.33976368 0.35724636 0.36355933]
 [0.73812017 0.74572044 0.74307204]
 [0.61745934 0.62777144 0.62988573]
 [0.10287498 0.12393286 0.13652954]]","['spotlight', 'digital_clock', 'theater_curtain']"
Voyage_nantes+120.jpg,"[[0.78477579 0.84049331 0.86406111]
 [0.29440763 0.29064307 0.28204545]
 [0.8611648  0.6302189  0.21161824]
 [0.09553365 0.1042299  0.10634485]
 [0.6205486  0.51364573 0.39992321]]","['spotlight', 'matchstick', 'digital_clock']"
Voyage_nantes+130.jpg,"[[0.10494116 0.09931156 0.0843278 ]
 [0.65822998 0.63416264 0.60936672]
 [0.33371303 0.32827211 0.3206494 ]
 [0.79004986 0.80018982 0.79248535]
 [0.50445486 0.49521662 0.48288415]]","['spotlight', 'digital_clock', 'matchstick']"
Voyage_nantes+144.jpg,"[[0.07210527 0.09953258 0.07027321]
 [0.34866394 0.45787726 0.4649933 ]
 [0.72143027 0.72668406 0.65430108]
 [0.22026574 0.25438394 0.22646633]
 [0.58042699 0.4593748  0.15808633]]","['spotlight', 'digital_clock', 'matchstick']"
Voyage_nantes+167.jpg,"[[0.17674235 0.6604992  0.70041684]
 [0.05201996 0.1597212  0.12501379]
 [0.89233954 0.82705314 0.74227933]
 [0.22631751 0.26437234 0.61684141]
 [0.11651385 0.40586724 0.3762148 ]]","['spotlight', 'digital_clock', 'matchstick']"
Voyage_nantes+168.jpg,"[[0.2079886  0.27435478 0.24977696]
 [0.44304651 0.59930153 0.61365111]
 [0.28363612 0.43650118 0.41235618]
 [0.1088067  0.10641647 0.07762619]
 [0.78048023 0.87131595 0.9018164 ]]","['spotlight', 'digital_clock', 'matchstick']"
Voyage_nantes+169.jpg,"[[0.74248973 0.73532876 0.73703775]
 [0.51613532 0.48447445 0.47417675]
 [0.15556482 0.23316914 0.21004022]
 [0.32192639 0.37920774 0.35697113]
 [0.62159999 0.59916072 0.59375826]]","['spotlight', 'digital_clock', 'matchstick']"
Voyage_nantes+170.jpg,"[[0.08397185 0.15737377 0.15691102]
 [0.97770211 0.88013332 0.77017187]
 [0.49991237 0.53326141 0.46625232]
 [0.16026917 0.3965294  0.36602406]
 [0.88931415 0.76282549 0.61815604]]","['spotlight', 'digital_clock', 'matchstick']"
Voyage_nantes+173.jpg,"[[0.56557462 0.56058013 0.56355228]
 [0.13493196 0.13184011 0.14968379]
 [0.82247047 0.8308043  0.83481233]
 [0.36892362 0.36345055 0.3674963 ]
 [0.69184804 0.68938415 0.69651348]]","['spotlight', 'digital_clock', 'theater_curtain']"
Voyage_nantes+177.jpg,"[[0.18086348 0.16633022 0.15980698]
 [0.61313905 0.60049217 0.60187516]
 [0.07234929 0.06489417 0.0668686 ]
 [0.8487322  0.80735027 0.73836772]
 [0.32557261 0.32552907 0.32286649]]","['spotlight', 'digital_clock', 'matchstick']"
Voyage_nantes+183.jpg,"[[0.39505801 0.40252304 0.38651055]
 [0.08111687 0.08973077 0.07922991]
 [0.32816848 0.6762571  0.76328343]
 [0.22676915 0.26174541 0.24409234]
 [0.8288009  0.89332325 0.93424716]]","['spotlight', 'digital_clock', 'matchstick']"
Voyage_nantes+188.jpg,"[[0.36872155 0.39290774 0.42906307]
 [0.81373675 0.60903095 0.31785492]
 [0.1037871  0.1102016  0.16743441]
 [0.63922299 0.78163768 0.88296962]
 [0.27929366 0.28183618 0.30831436]]","['spotlight', 'matchstick', 'digital_clock']"
Nantes_01_2024 006.jpg,"[[0.06436491 0.09147216 0.10203631]
 [0.89789127 0.87315059 0.85593425]
 [0.39055054 0.37864467 0.39828742]
 [0.67864649 0.64014037 0.62514973]
 [0.17068115 0.21799069 0.24682401]]","['spotlight', 'digital_clock', 'theater_curtain']"
Nantes_01_2024 008.jpg,"[[0.41673451 0.43947206 0.42718142]
 [0.93283689 0.9118521  0.89015643]
 [0.06249805 0.07879119 0.0875334 ]
 [0.23363121 0.26757342 0.27473325]
 [0.74638748 0.71110505 0.65246591]]","['spotlight', 'digital_clock', 'matchstick']"
Nantes_01_2024 016.jpg,"[[0.17964398 0.21978122 0.25031784]
 [0.60982657 0.56492756 0.52359187]
 [0.07217209 0.09623578 0.10653561]
 [0.32679179 0.3546234  0.37701001]
 [0.83300166 0.76800732 0.70747631]]","['spotlight', 'digital_clock', 'theater_curtain']"
Nantes_01_2024 018.jpg,"[[0.06368875 0.08662342 0.10028887]
 [0.772478   0.75521692 0.73848172]
 [0.45384129 0.44007063 0.42277121]
 [0.63582296 0.61884835 0.6036619 ]
 [0.24181887 0.2593099  0.27428316]]","['spotlight', 'matchstick', 'digital_clock']"
Nantes_01_2024 025.jpg,"[[0.04255243 0.05844949 0.06638848]
 [0.70766626 0.66256822 0.63296611]
 [0.25832092 0.30102599 0.31507278]
 [0.43240777 0.45641429 0.47318734]
 [0.13154039 0.16214521 0.18353944]]","['spotlight', 'digital_clock', 'theater_curtain']"
Nantes_01_2024 027.jpg,"[[0.07689204 0.08412592 0.0962938 ]
 [0.87887717 0.8573313  0.83631803]
 [0.35068598 0.36771269 0.39120616]
 [0.56199503 0.55612197 0.55724375]
 [0.20553664 0.21996668 0.2412865 ]]","['spotlight', 'digital_clock', 'matchstick']"
Nantes_01_2024 036.jpg,"[[0.28089029 0.26927826 0.25654458]
 [0.63234593 0.63073506 0.6316196 ]
 [0.80883474 0.83821607 0.86284362]
 [0.0712919  0.07826062 0.06943061]
 [0.48669174 0.46575054 0.44809623]]","['spotlight', 'matchstick', 'digital_clock']"
Nantes_01_2024 037.jpg,"[[0.42389983 0.4886536  0.44229583]
 [0.72196854 0.68384823 0.6094148 ]
 [0.04847357 0.10076394 0.0874805 ]
 [0.22758198 0.28700642 0.26074093]
 [0.87864603 0.83144262 0.79593927]]","['spotlight', 'digital_clock', 'matchstick']"
Nantes_01_2024 038.jpg,"[[0.12037574 0.19947798 0.19129704]
 [0.77233312 0.73126959 0.73050913]
 [0.62366627 0.57005186 0.54429716]
 [0.0328882  0.06334104 0.05315171]
 [0.28682647 0.35370577 0.33342147]]","['spotlight', 'theater_curtain', 'digital_clock']"
Nantes_01_2024 043.jpg,"[[0.53909825 0.53293206 0.52600296]
 [0.01977743 0.02524519 0.03093078]
 [0.76231386 0.73545423 0.71928786]
 [0.19740328 0.19436341 0.20107517]
 [0.34935936 0.34789232 0.35586103]]","['spotlight', 'digital_clock', 'matchstick']"
Nantes_01_2024 054.jpg,"[[0.07671135 0.10962989 0.10415426]
 [0.55761461 0.56884992 0.56619037]
 [0.18924442 0.23788019 0.23532502]
 [0.33478433 0.3700567  0.36362226]
 [0.85882542 0.85668932 0.85038334]]","['spotlight', 'digital_clock', 'matchstick']"
Nantes_01_2024 061.jpg,"[[0.04714067 0.08656307 0.07587911]
 [0.52568073 0.5183189  0.51328115]
 [0.89580358 0.81899014 0.75013034]
 [0.29484448 0.33508672 0.32351218]
 [0.1309962  0.19688346 0.17887396]]","['spotlight', 'digital_clock', 'matchstick']"
Nantes_01_2024 062.jpg,"[[0.14449209 0.1923008  0.19841097]
 [0.83308901 0.7773483  0.74238695]
 [0.31827637 0.32908481 0.33479138]
 [0.04322783 0.07285538 0.07040813]
 [0.56744822 0.52544848 0.49735204]]","['spotlight', 'digital_clock', 'matchstick']"
Nantes_01_2024 063.jpg,"[[0.2856667  0.30406179 0.31368543]
 [0.81188034 0.75368738 0.71363391]
 [0.04428748 0.06547147 0.06216787]
 [0.1328677  0.17691668 0.1858015 ]
 [0.54165121 0.50470002 0.47797378]]","['spotlight', 'digital_clock', 'matchstick']"
Nantes_01_2024 065.jpg,"[[0.74012956 0.69677439 0.66035085]
 [0.14531572 0.18250362 0.1963677 ]
 [0.30037973 0.29843328 0.29730582]
 [0.03424331 0.05919103 0.06662889]
 [0.46830065 0.44600271 0.42416972]]","['spotlight', 'digital_clock', 'matchstick']"
Nantes_01_2024 066.jpg,"[[0.32360289 0.3310282  0.33590248]
 [0.02611089 0.05717257 0.04963009]
 [0.80217259 0.77005915 0.74245349]
 [0.12939378 0.18972422 0.19759628]
 [0.51947476 0.50307913 0.48999024]]","['spotlight', 'digital_clock', 'matchstick']"
Nantes_01_2024 073.jpg,"[[0.17908678 0.23554595 0.25188775]
 [0.93511918 0.92397145 0.90895682]
 [0.41708807 0.43866474 0.40663427]
 [0.06819758 0.11126755 0.12426665]
 [0.70296207 0.68712071 0.62439217]]","['spotlight', 'digital_clock', 'theater_curtain']"
Nantes_01_2024 077.jpg,"[[0.03606783 0.06469324 0.06128301]
 [0.31196054 0.32532449 0.33409499]
 [0.8128649  0.79438417 0.79438776]
 [0.14492411 0.18076306 0.18471112]
 [0.53962832 0.53266677 0.5386597 ]]","['spotlight', 'digital_clock', 'matchstick']"
Nantes_01_2024 083.jpg,"[[0.02208644 0.06448881 0.0643788 ]
 [0.62312628 0.62784125 0.59913626]
 [0.833538   0.8280732  0.81861861]
 [0.12448322 0.19780831 0.20003489]
 [0.38543492 0.39922399 0.3601969 ]]","['spotlight', 'digital_clock', 'theater_curtain']"
Nantes_01_2024 087.jpg,"[[0.78355795 0.7535969  0.7470121 ]
 [0.16639392 0.21828382 0.27703215]
 [0.03242566 0.07147421 0.11331351]
 [0.3744123  0.39657401 0.42906412]
 [0.6539675  0.63194519 0.63467519]]","['spotlight', 'digital_clock', 'matchstick']"
Nantes_01_2024 088.jpg,"[[0.76073791 0.72359946 0.71259216]
 [0.04363487 0.05885811 0.07557893]
 [0.30233894 0.3596289  0.41557334]
 [0.6533528  0.61896914 0.60014678]
 [0.14535753 0.20314417 0.25709015]]","['spotlight', 'matchstick', 'digital_clock']"
autoportrait 007.jpg,"[[0.03450272 0.03450272 0.03450272]
 [0.25547617 0.25547617 0.25547617]
 [0.00084946 0.00084946 0.00084946]
 [0.35847497 0.35847497 0.35847497]
 [0.14929429 0.14929429 0.14929429]]","['spotlight', 'digital_clock', 'matchstick']"
autoportrait 012.jpg,"[[0.00045024 0.00045024 0.00045024]
 [0.22043472 0.22043472 0.22043472]
 [0.1128174  0.1128174  0.1128174 ]
 [0.30999389 0.30999389 0.30999389]
 [0.02555673 0.02555673 0.02555673]]","['spotlight', 'matchstick', 'digital_clock']"
naze 017.jpg,"[[0.59989308 0.59989308 0.59989308]
 [0.11390714 0.11390714 0.11390714]
 [0.43090332 0.43090332 0.43090332]
 [0.03079556 0.03079556 0.03079556]
 [0.24615173 0.24615173 0.24615173]]","['spotlight', 'digital_clock', 'matchstick']"
naze 025.jpg,"[[0.02938947 0.02938947 0.02938947]
 [0.56663371 0.56663371 0.56663371]
 [0.37682806 0.37682806 0.37682806]
 [0.73742974 0.73742974 0.73742974]
 [0.19528183 0.19528183 0.19528183]]","['spotlight', 'digital_clock', 'matchstick']"
naze 044.jpg,"[[0.08571748 0.08571748 0.08571748]
 [0.54668963 0.54668963 0.54668963]
 [0.36084875 0.36084875 0.36084875]
 [0.81510996 0.81510996 0.81510996]
 [0.23045482 0.23045482 0.23045482]]","['spotlight', 'digital_clock', 'matchstick']"
naze 049.jpg,"[[0.17242819 0.17242819 0.17242819]
 [0.60437883 0.60437883 0.60437883]
 [0.84936611 0.84936611 0.84936611]
 [0.04597033 0.04597033 0.04597033]
 [0.36374239 0.36374239 0.36374239]]","['spotlight', 'digital_clock', 'matchstick']"
naze 061.jpg,"[[0.75002784 0.75002784 0.75002784]
 [0.26171818 0.26171818 0.26171818]
 [0.08670676 0.08670676 0.08670676]
 [0.5882951  0.5882951  0.5882951 ]
 [0.43651519 0.43651519 0.43651519]]","['spotlight', 'digital_clock', 'theater_curtain']"
test low key 014.jpg,"[[0.00452805 0.00452823 0.00452823]
 [0.19292538 0.19292538 0.19292777]
 [0.06861356 0.06860893 0.06860893]
 [0.13021479 0.13018969 0.13019197]
 [0.25819526 0.25801458 0.2580269 ]]","['spotlight', 'matchstick', 'digital_clock']"
